Rk,Player,Pos,Age,Tm,G,MP,PER,TS%,3PAr,FTr,ORB%,DRB%,TRB%,AST%,STL%,BLK%,TOV%,USG%,,OWS,DWS,WS,WS/48,,OBPM,DBPM,BPM,VORP
1,Kareem Abdul-Jabbar*,C,32,LAL,82,3143,25.3,0.639,0.001,0.344,7.2,22.2,15.4,16.5,1.2,4.6,15.7,24.1,,9.5,5.3,14.8,0.227,,4.8,2.4,7.2,7.3
2,Tom Abernethy,PF,25,GSW,67,1222,11,0.511,0.003,0.258,5.4,12,8.6,9.3,1.4,0.6,9.9,13.3,,1.2,0.8,2,0.08,,-1,-0.2,-1.2,0.2
3,Alvan Adams,C,25,PHO,75,2168,19.2,0.571,0.002,0.27,8.2,22.4,15.4,21.6,2.3,1.4,18.2,21.9,,3.1,3.9,7,0.155,,1.7,1.9,3.6,3.1
4,Tiny Archibald*,PG,31,BOS,80,2864,15.3,0.574,0.023,0.548,2.3,5.3,3.8,30.2,1.7,0.2,19.7,17,,5.9,2.9,8.9,0.148,,1.4,-0.3,1.1,2.3
5,Dennis Awtrey,C,31,CHI,26,560,7.4,0.524,0,0.833,6,16.9,11.5,9,1,1.5,24.8,7.9,,0.1,0.5,0.6,0.053,,-2.3,0.9,-1.4,0.1
6,Gus Bailey,SG,28,WSB,20,180,9.3,0.467,0.029,0.371,3.3,12.4,7.8,17.8,1.8,1.2,21.3,11.3,,0,0.2,0.2,0.043,,-3,1.3,-1.7,0.1
7,James Bailey,PF,22,SEA,67,726,12.3,0.495,0,0.373,10.2,18.3,14.3,5.3,1.4,4.1,20,21.4,,-0.4,1.4,1,0.063,,-4.2,0.9,-3.3,-0.2
8,Greg Ballard,SF,25,WSB,82,2438,18.1,0.532,0.043,0.206,9.8,16.6,13.1,9.7,1.7,0.8,10,21.6,,4.1,2.8,6.9,0.136,,1.9,0.1,2,2.5
9,Mike Bantom,SF,28,IND,77,2330,13.7,0.533,0.004,0.275,8.3,12.1,10.1,15.9,1.7,1.1,18.2,17.3,,2.1,1.9,3.9,0.081,,-0.3,-0.5,-0.7,0.7
10,Marvin Barnes,PF,27,SDC,20,287,8.2,0.432,0,0.533,12.4,16.8,14.5,7.8,0.8,2.3,19.5,12.8,,-0.1,0.2,0.1,0.019,,-3.8,-0.5,-4.3,-0.2
11,Rick Barry*,SF,35,HOU,72,1816,14.8,0.517,0.287,0.198,3.1,11.5,7.2,20.4,2.1,0.9,15.3,21.6,,2.2,1.2,3.4,0.09,,1.1,0,1.1,1.4
12,Tim Bassett,PF,28,TOT,12,164,6.7,0.419,0,0.441,7.1,14,10.6,9.7,2.2,0,18.1,11.6,,-0.1,0.2,0.1,0.033,,-3.5,0.1,-3.4,-0.1
12,Tim Bassett,PF,28,NJN,7,92,7.9,0.44,0,0.545,7.9,12.4,10.1,5.5,2.5,0,12.8,13.1,,0,0.1,0.1,0.063,,-3.5,0.1,-3.4,0
12,Tim Bassett,PF,28,SAS,5,72,5.3,0.375,0,0.25,6.1,16,11.1,15.1,1.8,0,27.3,9.6,,-0.1,0,0,-0.005,,-3.6,0.2,-3.4,0
13,Billy Ray Bates,SG,23,POR,16,235,24.1,0.552,0.13,0.267,6,7.6,6.8,23.8,2.9,0.5,10.9,32,,0.7,0.3,0.9,0.188,,3.7,0.6,4.3,0.5
14,Ron Behagen,PF,29,WSB,6,64,10.2,0.449,0,0.261,9.3,12.7,11,14.4,0,3.3,13.5,18.3,,0,0.1,0.1,0.055,,-3.7,0.3,-3.4,0
15,Kent Benson,C,25,TOT,73,1891,13.1,0.513,0.008,0.228,7.3,18.3,12.9,12.2,1.8,2.7,18.8,17.4,,0.4,2.7,3.2,0.08,,-1.6,1.4,-0.3,0.8
15,Kent Benson,C,25,MIL,56,1389,13.3,0.519,0.002,0.225,7.7,18,13,11.8,1.8,2.9,18.3,16.6,,0.6,2.3,2.9,0.1,,-1.4,1.8,0.5,0.9
15,Kent Benson,C,25,DET,17,502,12.4,0.499,0.021,0.235,6.2,19,12.6,13.6,1.7,1.9,19.8,19.7,,-0.2,0.4,0.3,0.026,,-2.3,0.1,-2.2,0
16,Del Beshore,PG,23,CHI,68,869,6.4,0.423,0.104,0.348,2.1,5.9,4.1,21.5,3.1,0.3,26.5,18.4,,-1.7,0.8,-0.9,-0.052,,-5,-0.1,-5.1,-0.7
17,Henry Bibby,PG,30,PHI,82,2035,11.1,0.491,0.083,0.457,3.6,7.1,5.4,19.8,1.4,0.2,16.4,17.7,,1.3,2.1,3.4,0.079,,-1.7,-0.5,-2.2,-0.1
18,Larry Bird*,PF,23,BOS,82,2955,20.5,0.538,0.098,0.246,8.3,23.6,16,18.5,2.3,1,14,25.3,,5.6,5.6,11.2,0.182,,3,1.5,4.5,4.8
19,Otis Birdsong,SG,24,KCK,82,2885,18.5,0.538,0.023,0.266,6.1,6.2,6.1,11.1,2.2,0.4,9.4,26.4,,4.9,3.7,8.6,0.143,,2,0.1,2.1,3
20,Ron Boone,SG,33,TOT,81,2392,12.1,0.501,0.055,0.214,2.7,8.1,5.5,18.8,2,0.1,16.4,21.5,,0.4,0.6,1,0.02,,-1.8,-1.7,-3.5,-1
20,Ron Boone,SG,33,LAL,6,106,3,0.395,0,0.175,4.5,6.6,5.7,7.8,2.2,0,23.2,21.2,,-0.3,0.1,-0.2,-0.098,,-5.2,-1,-6.2,-0.2
20,Ron Boone,SG,33,UTA,75,2286,12.5,0.506,0.057,0.216,2.7,8.2,5.5,19.3,2,0.1,16.1,21.5,,0.7,0.5,1.2,0.026,,-1.7,-1.7,-3.3,-0.8
21,Lawrence Boston,PF,23,WSB,13,125,12.6,0.485,0,0.25,15.1,16.2,15.7,2.3,1.5,0.8,12.2,20.7,,0.1,0.1,0.2,0.075,,-3.3,-0.7,-4,-0.1
22,Tom Boswell,PF,26,TOT,79,2077,14.3,0.616,0.016,0.445,8.2,15.8,12.1,11.2,0.7,1,19.8,18.5,,3,0.7,3.7,0.086,,-0.4,-1.4,-1.8,0.1
22,Tom Boswell,PF,26,DEN,18,522,13.5,0.612,0.015,0.519,7.8,15.1,11.4,12,0.4,0.8,19,15.4,,0.9,0.2,1.1,0.104,,-0.3,-1,-1.3,0.1
22,Tom Boswell,PF,26,UTA,61,1555,14.6,0.617,0.017,0.425,8.3,16.1,12.3,10.9,0.8,1.1,20,19.6,,2.1,0.5,2.6,0.081,,-0.5,-1.5,-2,0
23,Winford Boynes,SG,22,NJN,64,1102,13.1,0.518,0.009,0.291,4.8,7.7,6.3,12.8,2.4,0.9,15.4,21.8,,0.3,1.3,1.7,0.072,,-1.5,0.3,-1.2,0.2
24,Alonzo Bradley,SF,26,HOU,22,96,4.1,0.395,0.021,0.188,2.2,4.7,3.5,4.3,1.5,0,13.3,24.7,,-0.2,0,-0.2,-0.097,,-5.2,-1.6,-6.8,-0.2
25,Dudley Bradley,SG,22,IND,82,2027,13.5,0.502,0.008,0.286,3.4,8.1,5.7,15.9,4.8,1.3,19.5,16.3,,0.2,2.9,3.1,0.073,,-2,3,1,1.5
26,Mike Bratz,PG,24,PHO,82,1589,11.6,0.462,0.125,0.236,3.5,7.9,5.8,19.1,2.7,0.3,15.1,22.3,,-0.5,2,1.5,0.046,,-2.5,0.1,-2.5,-0.2
27,Jim Brewer,PF,28,POR,67,1016,11.3,0.493,0.027,0.158,10.8,17.1,13.9,9.6,2,2.5,19.3,9.8,,0.5,1.5,2,0.096,,-1.2,1.9,0.7,0.7
28,Ron Brewer,SG,24,POR,82,2815,13.2,0.503,0.027,0.185,2.1,6.3,4.2,11.5,1.7,1,11.6,21.1,,2,2.3,4.3,0.074,,-0.8,-0.4,-1.2,0.6
29,Junior Bridgeman,SF,26,MIL,81,2316,17.1,0.523,0.022,0.214,5,9,7.1,15.2,1.9,0.5,11.2,26.3,,3.6,2.5,6.1,0.127,,0.9,-0.5,0.3,1.4
30,Allan Bristow,SF,28,UTA,82,2304,16.6,0.534,0.009,0.31,9,16.7,13,21.4,1.9,0.1,16.7,20,,3.2,1.2,4.4,0.091,,1.4,-0.8,0.6,1.5
31,Fred Brown,SG,31,SEA,80,1701,16.4,0.532,0.104,0.16,2.2,7.5,4.8,15.5,1.8,0.6,10.4,23.4,,2.8,2.1,4.9,0.138,,1.2,0.2,1.4,1.4
32,John Brown,SF,28,TOT,32,385,5.1,0.444,0,0.457,7.4,12.7,10,6.3,0.4,0.6,18.7,16.5,,-0.3,0.4,0.1,0.012,,-5,-0.9,-5.9,-0.5
32,John Brown,SF,28,UTA,4,24,-0.5,0.228,0,0.571,25.4,18.8,21.9,19.5,0,0,36.3,24.6,,-0.1,0,-0.1,-0.273,,-5,-0.8,-5.7,-0.1
32,John Brown,SF,28,ATL,28,361,5.4,0.46,0,0.449,6.2,12.3,9.2,5.4,0.4,0.7,17,16,,-0.1,0.4,0.2,0.031,,-5,-0.9,-5.9,-0.4
33,Roger Brown,C,29,CHI,4,37,7,0.333,0,0,6.2,23.8,15.2,3.3,0,4.6,0,3.3,,0,0,0.1,0.069,,-3.5,0.2,-3.3,0
34,Joe Bryant,PF,25,SDC,81,2328,11.1,0.485,0.05,0.318,7.7,16.6,12,8.1,2.1,0.9,17.9,16.3,,0.1,1.7,1.8,0.038,,-2.3,-0.2,-2.5,-0.3
35,Quinn Buckner,PG,25,MIL,67,1690,16.5,0.501,0.008,0.218,4.6,10.5,7.6,30.2,3.7,0.1,17.2,20.4,,1.7,2.7,4.4,0.125,,-0.2,1.9,1.7,1.6
36,Tom Burleson,C,27,KCK,37,272,7.8,0.391,0.029,0.385,8.7,20,14.2,9.5,1.4,2.8,17.1,21.5,,-0.6,0.5,-0.1,-0.012,,-5.7,0.4,-5.3,-0.2
37,Don Buse,PG,29,PHO,81,2499,10.7,0.485,0.134,0.217,3.1,7,5.1,16,2.4,0.2,12.4,11.7,,1.7,2.9,4.6,0.088,,-1.1,1.2,0.2,1.4
38,Marty Byrnes,SF,23,LAL,32,194,6.3,0.557,0,0.3,5.5,9.3,7.6,7.9,1.2,0.3,28,16.2,,-0.1,0.2,0,0.009,,-4.4,-0.9,-5.2,-0.2
39,Corky Calhoun,SF,29,IND,7,30,10.6,0.405,0,0.222,23.5,10.7,17.3,0,3.1,0,9.2,14.1,,0,0,0,0.067,,-4,-0.4,-4.4,0
40,Mack Calvin,PG,32,UTA,48,772,14.5,0.549,0.048,0.515,2,10.4,6.4,24,1.7,0,17,18.7,,1.2,0.2,1.4,0.085,,-0.4,-1.3,-1.7,0.1
41,Austin Carr,SG,31,CLE,77,1595,14.3,0.497,0.007,0.205,5.1,5.8,5.5,13.2,1.1,0.1,10.6,24.6,,1.3,0.6,2,0.059,,0.1,-1.8,-1.7,0.1
42,Kenny Carr,PF,24,TOT,79,1838,15.9,0.526,0.005,0.342,11,23.3,16.9,5.6,1.6,1.5,14.8,21.7,,1.4,2.3,3.8,0.099,,-0.6,-0.6,-1.2,0.3
42,Kenny Carr,PF,24,LAL,5,57,5.2,0.474,0,0.125,10.5,21.1,16.3,2,1.6,0.9,34.8,18.2,,-0.2,0.1,-0.1,-0.067,,-4.5,-0.5,-5,-0.1
42,Kenny Carr,PF,24,CLE,74,1781,16.3,0.527,0.005,0.347,11,23.4,16.9,5.7,1.6,1.5,14.3,21.8,,1.6,2.3,3.9,0.104,,-0.5,-0.6,-1.1,0.4
43,M.L. Carr,SF,29,BOS,82,1994,14.6,0.526,0.054,0.316,6,12.3,9.2,10.7,2.8,1,14.1,20.2,,1.9,3.2,5.2,0.125,,-0.2,1.5,1.3,1.7
44,Bob Carrington,SG,26,SDC,10,134,5.9,0.444,0.054,0.216,4.7,5.8,5.2,2.9,1.4,0.4,11,13.6,,0,0,0,0.001,,-4,-0.7,-4.6,-0.1
45,Ron Carter,SG,23,IND,13,117,4.2,0.399,0,0.189,4.3,12.8,8.4,9.8,0.8,1.4,20,16.6,,-0.2,0.1,-0.1,-0.058,,-5,-0.8,-5.8,-0.2
46,Bill Cartwright,C,22,NYK,82,3150,17.9,0.608,0,0.466,6.6,18.6,12.6,7,0.7,1.7,13.2,20.6,,7.7,2.1,9.7,0.148,,1.7,-1.2,0.6,2.1
47,Harvey Catchings,C,28,MIL,72,1366,10.9,0.429,0.004,0.254,13.4,19,16.3,7,0.8,6.5,20,9.9,,0.2,2.4,2.6,0.09,,-2.4,2.6,0.1,0.7
48,Don Chaney,SG,33,BOS,60,523,7.8,0.402,0.032,0.222,6.7,8.8,7.8,9.3,2.8,1.2,13.7,18.3,,-0.4,0.8,0.4,0.033,,-4.3,1.2,-3.1,-0.1
49,Maurice Cheeks*,PG,23,PHI,79,2623,15.9,0.589,0.014,0.349,3.2,7.6,5.5,28.2,3.3,0.7,22.1,14.9,,3.8,4.1,7.9,0.145,,0.5,2,2.4,2.9
50,Phil Chenier,SG,29,TOT,43,850,9.5,0.431,0.034,0.192,2.2,7.2,4.7,14,1.8,0.9,12.7,20,,-0.6,0.6,0,0.002,,-3.1,-0.5,-3.6,-0.3
50,Phil Chenier,SG,29,WSB,20,470,10.1,0.435,0.028,0.192,2.1,7.1,4.6,12.4,1.8,0.6,11.1,21.9,,-0.3,0.4,0,0.004,,-3.2,-0.4,-3.6,-0.2
50,Phil Chenier,SG,29,IND,23,380,8.9,0.423,0.044,0.193,2.4,7.3,4.8,15.9,1.8,1.4,15.1,17.6,,-0.3,0.2,0,0,,-3,-0.6,-3.6,-0.2
51,Jim Chones,C,30,LAL,82,2394,11.3,0.521,0.003,0.222,7.1,17.6,12.8,7.6,1.1,1.4,17.3,16.9,,0.7,2.8,3.5,0.071,,-2,-0.3,-2.4,-0.2
52,Jim Cleamons,PG,30,TOT,79,1789,10.8,0.519,0.069,0.251,3,5.7,4.3,20.4,1.5,0.3,17.9,13.4,,1.3,1,2.3,0.063,,-1.7,0,-1.7,0.2
52,Jim Cleamons,PG,30,NYK,22,254,11.1,0.496,0.116,0.217,4.2,3.9,4.1,18.7,2.3,0.4,18.4,14,,0.2,0.1,0.3,0.048,,-0.9,-0.3,-1.2,0.1
52,Jim Cleamons,PG,30,WSB,57,1535,10.7,0.523,0.06,0.257,2.8,5.9,4.3,20.7,1.3,0.3,17.8,13.3,,1.2,0.9,2.1,0.065,,-1.9,0.1,-1.8,0.1
53,Doug Collins,SG,28,PHI,36,963,13.6,0.533,0.002,0.302,3.4,6.8,5.2,15.1,1.5,0.4,15,22.7,,0.9,1,1.9,0.094,,-1.1,-0.8,-1.9,0
54,Jeff Cook,PF,23,PHO,66,904,14.4,0.546,0.011,0.469,11.2,18,14.6,12.2,1.4,1.1,17.6,17.7,,1.1,1.3,2.4,0.126,,-0.3,0.1,-0.2,0.4
55,Michael Cooper,SG,23,LAL,82,1973,12.5,0.563,0.035,0.247,6.1,6.5,6.3,13.5,2,1,18.1,15.9,,2.2,1.8,4,0.097,,-0.4,0.3,-0.1,0.9
56,Wayne Cooper,PF,23,GSW,79,1781,14.8,0.525,0.005,0.241,12.1,19.5,15.7,3.5,0.5,2.6,14.4,22.4,,1.1,1.6,2.8,0.074,,-1.6,-1.8,-3.5,-0.7
57,Hollis Copeland,SF,24,NYK,75,1142,11,0.526,0.005,0.234,6.6,8.3,7.4,8.7,2.4,1.2,17.1,16.5,,0.5,0.8,1.2,0.052,,-1.7,0,-1.8,0.1
58,Dave Corzine,C,23,WSB,78,826,10.3,0.457,0,0.315,12.5,20.4,16.4,9.7,0.5,2,19.6,14.6,,-0.1,0.9,0.9,0.05,,-3.1,0.2,-3,-0.2
59,John Coughran,SF,28,GSW,24,160,6,0.39,0.111,0.173,1.3,12.1,6.5,10.6,2.1,0.4,13,25.8,,-0.4,0.1,-0.3,-0.086,,-5.6,-0.9,-6.5,-0.3
60,Dave Cowens*,C,31,BOS,66,2159,14.8,0.477,0.013,0.131,6.6,20.7,13.8,13.4,1.5,1.6,9.9,20.1,,1.9,3.6,5.4,0.121,,-0.2,1.1,0.9,1.6
61,Charlie Criss,PG,31,ATL,81,1794,11.5,0.5,0.029,0.367,1.6,5.4,3.5,20,2,0.1,16.2,18.2,,1,1.8,2.8,0.075,,-1.4,0,-1.4,0.3
62,Terry Crosby,PG,23,KCK,4,28,3.5,0.615,0,0.5,0,4,1.9,30,0,0,50.6,14.1,,0,0,0,-0.051,,-4.4,-0.4,-4.8,0
63,Pat Cummings,C,23,MIL,71,900,15.3,0.552,0,0.332,10.1,18.4,14.4,8.2,1.1,1,14.9,22,,1.2,1.2,2.5,0.131,,-1,-0.6,-1.6,0.1
64,Bob Dandridge,SF,32,WSB,45,1457,14.8,0.492,0.015,0.209,4.3,12.7,8.5,18.2,0.9,1.3,13.4,24.9,,0.5,1.2,1.7,0.056,,0.2,-0.4,-0.2,0.7
65,Adrian Dantley*,SF,24,UTA,68,2674,24.3,0.635,0.002,0.415,8.3,14,11.3,12.3,1.8,0.3,13.5,27.8,,9.5,1.1,10.5,0.189,,5.3,-1.6,3.7,3.8
66,Brad Davis,PG,24,TOT,18,268,14.1,0.593,0.016,0.254,1.8,5.4,3.7,25.9,2.3,0.2,16.7,13.3,,0.5,0.1,0.6,0.108,,-0.6,-0.1,-0.7,0.1
66,Brad Davis,PG,24,IND,5,43,3.9,0.4,0,0.571,0,5,2.4,13.4,3.2,0,25.5,10.6,,0,0,0,-0.013,,-4.8,0.2,-4.5,0
66,Brad Davis,PG,24,UTA,13,225,16,0.62,0.018,0.214,2.2,5.5,3.9,28.3,2.2,0.3,15.2,13.8,,0.6,0,0.6,0.131,,0.2,-0.2,0,0.2
67,Harry Davis,SF,24,SAS,4,30,5.8,0.505,0,0.167,7.3,14,10.7,0,1.5,0,18.9,20,,0,0,0,-0.03,,-4.6,-0.4,-5.1,-0.1
68,Johnny Davis,PG,24,IND,82,2912,13.6,0.495,0.036,0.304,3.5,4.5,4,20.3,1.7,0.4,13.3,20.2,,3.1,1.3,4.4,0.073,,-0.4,-1.5,-2,0
69,Walter Davis,SF,25,PHO,75,2309,21.3,0.608,0.003,0.313,3.6,9.2,6.5,23.6,2.3,0.5,15.4,27,,5.5,2.8,8.3,0.173,,3.4,0.2,3.6,3.3
70,Darryl Dawkins,C,23,PHI,80,2541,14.6,0.548,0.006,0.308,8.7,19.6,14.5,8.5,0.9,3,17.6,20.5,,1.3,4.3,5.7,0.107,,-1.7,0.6,-1.2,0.5
71,Paul Dawkins,SF,22,UTA,57,776,11,0.492,0.017,0.16,6.6,12,9.4,14.8,2.1,0.7,19.1,22,,-0.5,0.4,-0.1,-0.009,,-2.9,-1.3,-4.2,-0.4
72,Greg Deane,SG,22,UTA,7,48,4.5,0.355,0.091,0.636,5.1,9.4,7.3,15.4,0,0,17.6,15.3,,-0.1,0,-0.1,-0.07,,-3.8,-1,-4.8,-0.1
73,Larry Demic,PF,22,NYK,82,1872,7.4,0.468,0,0.347,11.2,16.9,14.1,4.1,1.3,0.9,21.6,16,,-1.4,1.3,-0.1,-0.002,,-4.5,-1.6,-6.2,-2
74,Coby Dietrick,C,31,CHI,79,1830,12.1,0.494,0.018,0.236,6.4,15.7,11.1,16.4,2.3,1.6,16.9,14.8,,0.8,2.1,2.9,0.076,,-0.9,1.5,0.6,1.2
75,Leon Douglas,C,25,DET,70,1782,11.4,0.529,0.002,0.407,10,19.6,14.8,8.5,0.8,1.8,19.1,14.3,,1,1.1,2.1,0.057,,-2.1,-0.6,-2.8,-0.3
76,John Drew,SF,25,ATL,80,2306,17.8,0.532,0.006,0.547,9.4,12.5,11,7.4,1.9,0.6,14.1,30.2,,3.3,3.1,6.4,0.134,,0.6,-0.9,-0.3,1
77,Terry Duerod,SG,23,DET,67,1331,11.7,0.498,0.089,0.11,2.3,5.5,3.9,12.4,1.4,0.4,11.2,20.4,,0.6,0.2,0.7,0.026,,-1.5,-1.7,-3.3,-0.4
78,Mike Dunleavy,PG,25,HOU,51,1036,12.9,0.542,0.063,0.42,2.7,8.1,5.3,26.7,1.8,0.2,22.5,18.6,,0.9,0.5,1.4,0.065,,-0.7,-0.8,-1.5,0.1
79,T.R. Dunn,SG,24,POR,82,1841,12.5,0.47,0.005,0.201,7.8,11.6,9.7,10.9,2.7,1,13.2,15.4,,0.9,2.3,3.3,0.086,,-0.8,1.3,0.4,1.1
80,James Edwards,C,24,IND,82,2314,17.6,0.545,0.001,0.328,7.8,18.4,12.9,8,1.1,2.4,10,22,,4.4,2.4,6.7,0.14,,0.2,-0.7,-0.5,0.9
81,Bob Elliott,PF,24,NJN,54,722,11.6,0.521,0.018,0.667,9.6,16.9,13.3,10,1.8,1.1,23,20.5,,-0.3,1,0.8,0.05,,-2.7,-0.2,-2.9,-0.2
82,Bo Ellis,PF,25,DEN,48,502,12.1,0.508,0.022,0.39,10.3,13.8,12,8,0.9,2.6,13.1,14.3,,0.5,0.4,0.9,0.085,,-1.6,-0.3,-1.9,0
83,Len Elmore,C,27,KCK,58,915,10.6,0.472,0,0.306,8.4,22.2,15,8.8,2.1,2.5,19.6,14.9,,-0.3,1.8,1.5,0.08,,-3.5,2.1,-1.4,0.1
84,Alex English*,SF,26,TOT,78,2401,18,0.536,0.005,0.239,11.3,14.9,13.1,13.9,1.4,1.4,14.8,23.4,,3.3,2,5.3,0.105,,1.6,-1.2,0.4,1.5
84,Alex English*,SF,26,IND,54,1526,17.7,0.539,0.004,0.204,11,14.9,12.9,13.5,1.4,1.2,14.2,22.2,,2.4,1.3,3.6,0.114,,1.6,-1.3,0.3,0.9
84,Alex English*,SF,26,DEN,24,875,18.5,0.531,0.007,0.295,11.9,15,13.4,14.7,1.5,1.8,15.7,25.6,,0.9,0.7,1.6,0.089,,1.6,-0.9,0.7,0.6
85,Julius Erving*,SF,29,PHI,78,2812,25.4,0.568,0.012,0.331,8.6,12.9,10.9,21.4,2.8,2.7,13.3,30.3,,7.3,5.2,12.5,0.213,,5.7,1.9,7.6,6.8
86,Earl Evans,PF,24,DET,36,381,10.3,0.495,0.129,0.3,7.1,13.6,10.3,12.9,1.6,0.1,18.5,19.6,,-0.1,0.2,0.1,0.015,,-2.8,-1.2,-4,-0.2
87,Mike Evans,SG,24,SAS,79,1246,9.8,0.485,0.091,0.183,2.5,6.6,4.6,22.8,2.1,0.4,20.3,19.1,,-0.4,0.5,0.1,0.004,,-2.9,-1.1,-4,-0.6
88,Eric Fernsten,PF,26,BOS,56,431,14.4,0.497,0,0.34,10.5,14.3,12.4,8.7,1.8,1.6,10.2,18.1,,0.5,0.6,1.2,0.133,,0.2,0.6,0.8,0.3
89,Chris Ford,SG,31,BOS,73,2115,13,0.537,0.231,0.161,4.1,5.4,4.8,13.5,2.5,0.7,12.2,16.2,,2.9,2.6,5.6,0.126,,0.6,1.4,2,2.1
90,Don Ford,SF,27,TOT,73,999,9.6,0.518,0.011,0.193,4.9,14.8,9.9,7.8,1,1.1,14.6,13.7,,0.6,0.9,1.5,0.072,,-2.2,0.1,-2.1,0
90,Don Ford,SF,27,LAL,52,580,8.3,0.545,0.008,0.215,4.7,13,9.2,7.2,0.9,1.3,17.4,11.9,,0.3,0.6,0.9,0.073,,-2.7,0.1,-2.5,-0.1
90,Don Ford,SF,27,CLE,21,419,11.4,0.494,0.014,0.174,5.1,17.4,11,8.6,1.2,0.8,11.9,16.1,,0.2,0.4,0.6,0.071,,-1.5,0,-1.5,0.1
91,Phil Ford,PG,23,KCK,82,2621,16.5,0.534,0.022,0.4,1.1,6.1,3.5,32.4,2.4,0.1,18.5,23.3,,2.7,3.4,6.1,0.111,,1,-0.2,0.8,1.8
92,Walt Frazier*,PG,34,CLE,3,27,13.6,0.421,0.091,0.182,3.7,8.2,5.9,36.7,3.4,2,25.2,22.6,,0,0,0,-0.012,,-3.5,0.2,-3.3,0
93,World B. Free,SG,26,SDC,68,2585,22.7,0.544,0.016,0.488,5.2,4.7,5,18,1.5,0.7,10.8,32.7,,7.7,0.3,8,0.148,,4.9,-1.9,3.1,3.3
94,Terry Furlow,SG,25,TOT,76,2122,16,0.521,0.089,0.212,3.9,6.5,5.3,21.4,1.7,0.6,13.9,23.6,,2.2,0.6,2.8,0.064,,1.5,-1.8,-0.2,1
94,Terry Furlow,SG,25,ATL,21,404,15.9,0.482,0.056,0.317,6.1,5.1,5.6,27,2.3,1.3,15.6,22,,0.4,0.5,0.8,0.1,,2.1,0.4,2.5,0.5
94,Terry Furlow,SG,25,UTA,55,1718,16,0.53,0.095,0.19,3.3,6.9,5.2,20,1.5,0.5,13.5,24,,1.9,0.2,2,0.056,,1.4,-2.2,-0.9,0.5
95,Mike Gale,PG,29,SAS,67,1474,13.3,0.513,0.034,0.318,2.5,8.4,5.5,24.6,3.7,0.5,21.1,14,,1,1.2,2.2,0.073,,-0.9,1.4,0.6,1
96,Gary Garland,PG,22,DEN,78,1106,10.2,0.454,0.053,0.073,4.6,8.5,6.5,17.9,2.3,0.2,16.6,15.6,,-0.2,0.7,0.5,0.02,,-2.5,-0.1,-2.6,-0.2
97,Gus Gerard,SF,26,KCK,73,869,14.1,0.491,0.009,0.287,9.2,12.8,10.9,6.9,2.2,1.7,11.1,20.3,,0.5,1.4,1.9,0.104,,-0.8,0.6,-0.2,0.4
98,George Gervin*,SG,27,SAS,78,2934,24,0.587,0.053,0.306,5.7,8.9,7.3,11,1.6,1.4,10.3,31.7,,9.3,1.3,10.6,0.173,,5.5,-1.6,3.9,4.4
99,John Gianelli,C,29,UTA,17,285,5.1,0.377,0,0.242,6,19,12.7,7.7,1,1.4,23.1,14.3,,-0.6,0.1,-0.4,-0.071,,-4.4,-1.1,-5.5,-0.3
100,Artis Gilmore*,C,30,CHI,48,1568,19.9,0.643,0,0.671,7.9,22.7,15.5,13,0.9,2.1,16.7,20.7,,4,1.7,5.6,0.172,,2.5,0.4,2.9,1.9
101,Jack Givens,SF,23,ATL,82,1254,11.5,0.444,0.004,0.271,9.7,11,10.4,6.9,2,0.9,10,19.2,,0.6,1.6,2.2,0.084,,-1.4,-0.2,-1.6,0.1
102,Mike Glenn,SG,24,NYK,75,800,16.6,0.557,0.027,0.201,2.8,6.2,4.5,14.6,2,0.5,8.8,20.9,,1.8,0.3,2.1,0.126,,1,-0.5,0.5,0.5
103,Glen Gondrezick,SF,24,DEN,59,1020,16.7,0.575,0.021,0.423,10.7,15.9,13.2,10.9,3.1,0.8,14.6,15.3,,1.9,1.2,3.1,0.145,,0.8,1.2,2,1
104,Mike Green,C,28,KCK,21,459,10.6,0.456,0.013,0.264,7.9,18.9,13.2,8.1,1.3,2.7,16.9,18.6,,-0.4,0.8,0.4,0.044,,-3.3,0.8,-2.5,-0.1
105,Dave Greenwood,PF,22,CHI,82,2791,16.2,0.541,0.007,0.396,9.2,21.6,15.6,9.8,1,2.6,14.5,21.1,,3.5,3.1,6.5,0.112,,-0.1,-0.2,-0.3,1.2
106,Kevin Grevey,SF,26,WSB,65,1818,13.7,0.499,0.114,0.31,4.4,6,5.2,13.6,1.4,0.5,10,22,,2.2,1.2,3.3,0.088,,-0.3,-0.5,-0.8,0.6
107,Paul Griffin,C,26,SAS,82,1812,13.2,0.621,0,0.767,9.3,16.5,12.9,15.7,2,1.5,23.8,11.5,,2.9,1.5,4.4,0.116,,-0.1,1.4,1.3,1.5
108,Bob Gross,SF,26,POR,62,1581,12,0.515,0.021,0.242,5.8,11.6,8.7,20,1.8,1.7,24.1,17.9,,-0.1,1.8,1.7,0.051,,-1.3,0.7,-0.6,0.6
109,Ernie Grunfeld,SF,24,KCK,80,1397,10.9,0.496,0.005,0.312,6.4,11.5,8.9,10.1,1.9,0.4,14.5,16,,0.6,1.9,2.5,0.087,,-1.9,0.6,-1.3,0.3
110,Roy Hamilton,PG,22,DET,72,1116,9.1,0.472,0.007,0.523,4.2,5.9,5,21,1.9,0.2,25.1,16.2,,-0.7,0.3,-0.4,-0.016,,-2.7,-1.6,-4.3,-0.6
111,James Hardy,PF,23,UTA,76,1600,11.8,0.536,0.006,0.182,9.4,19.4,14.6,8.8,1.4,3.1,21.1,13.4,,0.5,1.3,1.8,0.054,,-1.8,0.4,-1.4,0.2
112,Joe Hassett,SG,24,IND,74,1135,13,0.501,0.389,0.057,3.1,5.5,4.3,12.6,1.9,0.4,7.9,19.4,,1.4,0.6,2,0.085,,0.4,-1.2,-0.8,0.3
113,Steve Hawes,PF,29,ATL,82,1853,16.2,0.555,0.013,0.301,8.5,20.3,14.4,11.8,1.9,0.9,15,17.8,,2.9,3.1,6,0.155,,0.9,1.2,2.1,1.9
114,Elvin Hayes*,PF,34,WSB,81,3183,17.2,0.492,0.008,0.285,8.4,20,14.1,6.1,0.9,3.1,10.2,26.1,,2.1,4.2,6.2,0.094,,-0.2,-0.2,-0.4,1.2
115,Spencer Haywood*,PF,30,LAL,76,1544,13.9,0.54,0.007,0.349,10.2,13.9,12.2,7.6,1,1.9,16.4,21.2,,1.4,1.7,3.1,0.095,,-1.3,-0.9,-2.3,-0.1
116,Gar Heard,PF,31,PHO,82,1403,11.5,0.453,0.005,0.21,9.4,20.1,14.9,8.8,2.7,1.9,16.4,15.2,,-0.3,2.6,2.3,0.08,,-2.4,1.6,-0.9,0.4
117,Gerald Henderson,PG,24,BOS,76,1061,12.7,0.539,0.016,0.338,3.9,4.8,4.4,19,2,0.8,19.9,20.5,,0.5,1.2,1.7,0.078,,-0.5,0.1,-0.4,0.4
118,Tom Henderson,PG,28,HOU,66,1551,9.7,0.51,0.006,0.238,2.4,5.6,4,22,1.7,0.1,22.2,11.7,,0.9,0.4,1.3,0.041,,-1.3,-0.5,-1.8,0.1
119,Johnny High,PG,22,PHO,82,1121,10.1,0.51,0.022,0.551,6.9,10,8.5,13.7,2.9,0.7,23.5,18.6,,-0.5,1.6,1.1,0.047,,-3.3,0.9,-2.4,-0.1
120,Armond Hill,PG,26,ATL,79,2092,9.2,0.484,0.009,0.339,1.6,5.5,3.5,27.4,2.5,0.2,25.7,13,,0.1,2.4,2.5,0.057,,-2.7,0.7,-2,0
121,Darnell Hillman,PF,30,GSW,49,708,8.7,0.474,0,0.38,8.9,19.5,14,8.6,1.4,2,22,15.6,,-0.5,0.8,0.3,0.018,,-4.5,0.3,-4.2,-0.4
122,Brad Holland,SG,23,LAL,38,197,14.3,0.477,0.144,0.154,2.4,6.6,4.7,14.8,3.5,0.3,10.5,25.2,,0.1,0.2,0.3,0.081,,-2.9,0.3,-2.6,0
123,Lionel Hollins,SG-PG,26,TOT,47,1209,10.5,0.449,0.038,0.266,2.7,5.1,3.9,19,3,0.5,17.9,23.9,,-1.4,1.5,0.1,0.006,,-3.5,-0.1,-3.6,-0.5
123,Lionel Hollins,PG,26,POR,20,413,8.2,0.421,0.047,0.249,1.3,4.1,2.7,18.3,3.5,0.1,20.2,29.4,,-1.2,0.5,-0.8,-0.09,,-5.5,-1.2,-6.7,-0.5
123,Lionel Hollins,SG,26,PHI,27,796,11.7,0.468,0.032,0.278,3.4,5.7,4.6,19.4,2.7,0.6,16.2,21.1,,-0.1,1.1,0.9,0.055,,-2.4,0.5,-2,0
124,Phil Hubbard,PF,23,DET,64,1189,13.7,0.534,0.004,0.488,10,18.4,14.1,7.9,1.8,0.4,18,21.6,,0.7,0.9,1.6,0.064,,-2.3,-1.2,-3.5,-0.5
125,Kim Hughes,C,27,DEN,70,1208,11.5,0.498,0,0.203,10.5,17.7,14,7.8,2.5,3.4,18.5,8.8,,0.6,1.6,2.2,0.088,,-2.1,2.2,0.2,0.7
126,Geoff Huston,PG,22,NYK,71,923,7,0.425,0.071,0.158,1.6,5.2,3.4,20,1.9,0.3,22.1,13.8,,-0.7,0.3,-0.3,-0.017,,-3.4,-1,-4.4,-0.6
127,Dan Issel*,C,31,DEN,82,2938,22.2,0.571,0.008,0.471,8.2,17.5,12.7,10.7,1.4,1,8.7,25,,9.2,2.3,11.5,0.188,,4.1,-0.8,3.3,3.9
128,Phil Jackson*,PF,34,NJN,16,194,10.7,0.645,0.043,0.217,6.4,6.4,6.4,8.6,1.2,1.1,15.2,11.8,,0.3,0.2,0.5,0.121,,-2,0.3,-1.7,0
129,Abdul Jeelani,SF,25,POR,77,1286,18.7,0.563,0.011,0.361,9.6,13.5,11.5,11.6,1.5,1.8,15.2,24.6,,2.3,1.5,3.8,0.141,,1.7,-0.1,1.5,1.1
130,Cheese Johnson,SF,22,GSW,9,53,9.4,0.419,0,0.167,12.1,17.2,14.6,5.7,0.9,0,11,28.1,,-0.1,0,0,-0.033,,-4.5,-1,-5.5,-0.1
131,Clemon Johnson,C,23,IND,79,1541,13.9,0.527,0,0.295,9.5,17.2,13.2,9.5,1.4,4.3,14.8,13.2,,1.6,1.9,3.5,0.109,,-1.1,1.2,0.1,0.8
132,Dennis Johnson*,SG,25,SEA,81,2937,15.9,0.489,0.043,0.358,6.2,8.7,7.4,16.1,2.3,1.5,12.6,24.2,,3,4.4,7.4,0.12,,0.5,0.8,1.3,2.5
133,Eddie Johnson,SG,24,ATL,79,2622,18,0.538,0.011,0.279,3.9,4.3,4.1,23.5,2.2,0.5,12.2,24.1,,5.4,2.7,8.2,0.15,,2.5,0.3,2.8,3.2
134,George Johnson,C,31,NJN,81,2119,11.8,0.489,0.002,0.232,9.4,20.1,14.7,10.8,1.1,6.7,25,14.5,,-1.3,3.9,2.6,0.06,,-3.3,3,-0.3,0.9
135,George Johnson,PF,23,DEN,75,1938,15,0.524,0.014,0.291,10,21.7,15.7,11.4,2,1.9,16.8,17.8,,1.5,2.3,3.8,0.095,,-1,0.6,-0.5,0.7
136,John Johnson,SF,32,SEA,81,2533,13.3,0.532,0,0.26,6.7,11,8.8,22.4,1.4,0.8,22.3,17.2,,1.7,3.2,4.9,0.093,,-0.1,0.4,0.3,1.5
137,Magic Johnson*,SG,20,LAL,77,2795,20.6,0.602,0.033,0.487,7.1,15.4,11.6,25.2,3.1,0.8,20.9,20.9,,6.2,4.3,10.5,0.18,,3.1,1.7,4.8,4.8
138,Marques Johnson,SF,23,MIL,77,2686,22,0.585,0.007,0.29,9,13.7,11.4,15.1,1.7,1.4,11.5,23.9,,8,3.5,11.5,0.206,,4.6,0.4,5.1,4.8
139,Mickey Johnson,PF,27,IND,82,2647,20.3,0.528,0.025,0.379,9.8,17.1,13.3,18.7,2.7,2.3,16.2,25.9,,3.7,3.5,7.3,0.132,,2.1,0.7,2.8,3.2
140,Ollie Johnson,SF,30,CHI,79,1535,12.3,0.534,0.021,0.176,3.7,8.1,6,15.6,1.8,0.9,14.5,17.6,,1.3,1,2.3,0.073,,-0.9,0,-0.9,0.4
141,Vinnie Johnson,SG,23,SEA,38,325,10.9,0.458,0.009,0.339,6.1,11.7,8.9,21.9,2.8,0.7,24.1,21.1,,-0.3,0.5,0.2,0.031,,-3.1,0.9,-2.2,0
142,Bobby Jones*,PF,28,PHI,81,2125,18.5,0.59,0.004,0.44,8,14.1,11.2,9.8,2.2,3,14.1,19.5,,4.3,3.8,8.1,0.183,,1.4,1.9,3.3,2.8
143,Caldwell Jones,C,29,PHI,80,2771,9.7,0.482,0.004,0.335,8.9,26.5,18.2,7.4,0.7,3.2,26.3,11.9,,-1.5,5.4,3.9,0.068,,-3.1,1.5,-1.6,0.2
144,Dwight Jones,PF,27,TOT,74,1448,14.2,0.555,0,0.397,8.9,19.4,14.2,10.4,0.9,1.6,17,20,,1.4,1.3,2.7,0.09,,-1,-0.4,-1.5,0.2
144,Dwight Jones,PF,27,HOU,21,278,11.3,0.471,0,0.303,12,16.8,14.3,5.5,0.7,1,12.9,22,,0.1,0.2,0.3,0.048,,-3.1,-2.1,-5.2,-0.3
144,Dwight Jones,PF,27,CHI,53,1170,14.9,0.58,0,0.426,8.2,20,14.2,11.5,1,1.8,18.2,19.6,,1.3,1.1,2.4,0.1,,-0.5,-0.1,-0.6,0.4
145,Major Jones,PF,26,HOU,82,1545,10.3,0.498,0.008,0.276,10.2,17.2,13.6,5.6,1.5,2.4,20.3,14.1,,-0.1,1.4,1.3,0.041,,-2.3,0,-2.3,-0.1
146,Eddie Jordan,PG,25,NJN,82,2657,14.4,0.481,0.047,0.254,2.4,8.1,5.3,29.6,3.8,0.6,18.6,20.2,,0.1,4,4.1,0.074,,-0.9,1.5,0.6,1.8
147,Jeff Judkins,SF,23,BOS,65,674,14.1,0.567,0.098,0.275,5.4,5.5,5.4,9.9,2,0.4,13.7,21.1,,1.1,0.8,1.8,0.131,,-0.2,0.3,0,0.3
148,Rich Kelley,C,26,TOT,80,1839,14.4,0.566,0.006,0.64,11.5,17.9,14.7,12.8,1.9,2.9,24.2,17.3,,1.3,3,4.3,0.113,,-1.3,1.5,0.3,1.1
148,Rich Kelley,C,26,NJN,57,1466,13.8,0.559,0.008,0.627,11,17,14,11.7,1.5,3,23,17.4,,1,2.2,3.2,0.105,,-1.4,1.1,-0.3,0.6
148,Rich Kelley,C,26,PHO,23,373,16.5,0.597,0,0.706,13.2,21.3,17.4,17,3.4,2.5,29.2,16.8,,0.3,0.8,1.1,0.145,,-0.7,3.1,2.4,0.5
149,Greg Kelser,SF,22,DET,50,1233,16.1,0.52,0.025,0.342,10.5,13.1,11.8,12.6,2.2,1.4,17,25.7,,0.6,0.9,1.4,0.056,,-0.3,-0.9,-1.2,0.3
150,Larry Kenon,PF,27,SAS,78,2798,17.2,0.527,0.007,0.259,10.1,19.4,14.8,11.1,1.7,0.3,13.5,23.2,,3.4,2,5.4,0.093,,1.1,-1.6,-0.4,1.1
151,Irv Kiffin,SF,28,SAS,26,212,3.7,0.383,0,0.26,6.2,13.9,10.1,10.9,2.1,0.5,21.9,24.5,,-0.7,0.1,-0.6,-0.128,,-7.1,-1.5,-8.6,-0.5
152,Carl Kilpatrick,C,23,UTA,2,6,22.7,0.521,0,1,20.3,56.3,39,0,0,0,0,20.6,,0,0,0,0.225,,-4.3,-0.2,-4.5,0
153,Bernard King*,SF,23,UTA,19,419,11.4,0.534,0,0.46,7,17.2,12.3,18.1,0.8,0.5,23.3,22,,-0.2,0.1,0,-0.002,,-2.6,-1.6,-4.2,-0.2
154,Reggie King,PF,22,KCK,82,2052,13.5,0.565,0.002,0.439,9.3,20.7,14.8,6.6,1.6,0.9,14.4,13.5,,2.8,3.4,6.2,0.146,,-0.5,0.9,0.3,1.2
155,Billy Knight,SF,27,IND,75,1910,18,0.589,0.021,0.363,7.2,12.6,9.8,11.4,2,0.3,13.6,19.7,,4.2,1.5,5.8,0.145,,2.2,-0.8,1.4,1.6
156,Toby Knight,SF,24,NYK,81,2945,16.4,0.561,0.002,0.206,7.4,10.9,9.1,6.9,1.8,1.6,10.6,20.1,,5.5,1.9,7.3,0.12,,1.1,-0.7,0.4,1.8
157,Arvid Kramer,C,23,DEN,8,45,6.6,0.35,0,0.091,13.6,14.2,13.9,9.3,0,6,17.9,24.3,,-0.1,0,-0.1,-0.102,,-5,-0.4,-5.4,-0.1
158,Joel Kramer,C,24,PHO,54,711,10,0.547,0.007,0.49,7.7,15.4,11.7,13,1.7,0.4,22.7,12.6,,0.5,0.9,1.4,0.095,,-2.2,0.8,-1.4,0.1
159,John Kuester,PG,24,IND,24,100,11.1,0.391,0.029,0.206,3,11.7,7.2,20.1,3.2,0.5,11.9,16.3,,0,0.1,0.1,0.039,,-3.7,0.5,-3.1,0
160,Kevin Kunnert,C,28,POR,18,302,13.5,0.474,0,0.377,13.3,27.7,20.4,13.8,1.1,4.2,23.6,23.6,,-0.3,0.5,0.2,0.032,,-3.9,1.1,-2.8,-0.1
161,Mitch Kupchak,PF,25,WSB,40,451,9.7,0.482,0.013,0.469,7,16.4,11.7,4.7,0.8,0.9,17.2,20.4,,-0.3,0.4,0.2,0.018,,-3.8,-1.1,-4.9,-0.3
162,Sam Lacey,C,31,KCK,81,2412,14.9,0.49,0.001,0.273,7.4,21.8,14.3,24.5,2.1,2.6,21.8,16.1,,0.8,4.8,5.6,0.112,,0,3.6,3.6,3.4
163,Tom LaGarde,C,24,SEA,82,1164,10.8,0.521,0,0.448,11.4,16.8,14.1,10.1,0.8,1.6,20.9,15.7,,0.6,1.7,2.2,0.093,,-2.9,0.4,-2.5,-0.1
164,John Lambert,PF,27,CLE,74,1324,10.4,0.453,0.008,0.253,10.5,17.8,14,5.1,1.6,1.7,12.6,14.7,,0.4,1.5,1.8,0.066,,-2.6,0,-2.6,-0.2
165,Mark Landsberger,C,24,TOT,77,1510,15.7,0.529,0,0.46,17.4,27.6,22.6,4.3,1,0.8,14.7,18.3,,1.6,1.8,3.4,0.109,,0.3,-2.2,-1.8,0.1
165,Mark Landsberger,C,24,CHI,54,1136,15.3,0.541,0,0.48,15.9,28.3,22.3,4.1,1,0.8,15.2,17.7,,1.1,1.3,2.4,0.103,,0.2,-2,-1.8,0.1
165,Mark Landsberger,C,24,LAL,23,374,17,0.498,0,0.409,22,25.2,23.8,4.7,1.2,0.7,13.4,20,,0.4,0.5,1,0.128,,0.7,-2.7,-2,0
166,Bob Lanier*,C,31,TOT,63,2131,20.4,0.592,0.007,0.408,7.6,19.9,13.8,12.3,1.6,2.2,13.7,21.6,,5,2.4,7.4,0.168,,2.6,0.6,3.1,2.8
166,Bob Lanier*,C,31,DET,37,1392,20.3,0.593,0.009,0.36,8.1,20.2,14.1,12.7,1.2,2.3,14.3,21.8,,3.1,1.1,4.2,0.146,,2.6,-0.1,2.5,1.6
166,Bob Lanier*,C,31,MIL,26,739,20.5,0.589,0.004,0.509,6.7,19.3,13.2,11.5,2.3,2.2,12.4,21.2,,1.9,1.3,3.2,0.209,,2.6,1.8,4.4,1.2
167,Allen Leavell,PG,22,HOU,77,2123,15.1,0.56,0.029,0.337,2.9,6.8,4.8,26.3,2.8,0.7,21.4,17.8,,2.6,1.4,4,0.091,,0.6,0.5,1.1,1.7
168,Butch Lee,PG,23,TOT,14,55,5.3,0.327,0,0.333,14.2,7.3,10.8,25.5,0.8,0,26.7,26.9,,-0.2,0,-0.2,-0.165,,-4.2,-0.8,-5,-0.1
168,Butch Lee,PG,23,CLE,3,24,-4,0.175,0,0.091,12.6,0,6.6,14.3,0,0,20.8,23.1,,-0.2,0,-0.2,-0.314,,-4.7,-1,-5.7,-0.1
168,Butch Lee,PG,23,LAL,11,31,12.4,0.435,0,0.538,15.4,12.9,14.1,34.1,1.5,0,30.3,29.8,,-0.1,0,0,-0.051,,-3.8,-0.6,-4.5,0
169,Ron Lee,PG,27,TOT,61,1167,10.3,0.435,0.193,0.23,3.6,7.6,5.6,26,3.8,0.8,23.1,14.7,,-0.5,1.3,0.8,0.031,,-2.7,1.8,-0.8,0.3
169,Ron Lee,PG,27,ATL,30,364,4.1,0.34,0.033,0.187,3.2,6.5,4.9,24.7,2,0.6,25.1,14.8,,-0.7,0.4,-0.3,-0.036,,-5.6,0.4,-5.2,-0.3
169,Ron Lee,PG,27,DET,31,803,13.1,0.474,0.262,0.248,3.8,8,5.9,26.5,4.7,0.8,22.3,14.6,,0.2,0.9,1,0.061,,-1.3,2.5,1.1,0.6
170,John Long,SG,23,DET,69,2364,16.4,0.535,0.01,0.167,6.7,8.3,7.5,13,2.4,0.6,14.2,23.7,,2.4,1.2,3.6,0.072,,0.4,-0.8,-0.4,1
171,John Lucas,PG,26,GSW,80,2763,15.3,0.528,0.051,0.348,2.4,6.6,4.4,29.2,2.4,0.1,16.1,17,,4,1.9,5.9,0.103,,0.7,-0.3,0.4,1.7
172,Maurice Lucas,PF,27,TOT,63,1884,14.8,0.503,0.011,0.294,8.1,22.7,15.3,16.5,1.1,1.9,19.2,24.3,,-0.3,2.7,2.4,0.061,,-1.2,0.2,-1,0.5
172,Maurice Lucas,PF,27,POR,41,1176,13.8,0.48,0.009,0.248,7.8,22.8,15.2,16.2,1,1.7,19.5,26.5,,-1,1.6,0.6,0.025,,-2.1,-0.3,-2.4,-0.1
172,Maurice Lucas,PF,27,NJN,22,708,16.4,0.548,0.015,0.391,8.5,22.6,15.5,16.9,1.2,2.1,18.6,20.5,,0.6,1.1,1.8,0.12,,0.3,1,1.3,0.6
173,Ollie Mack,SG,22,TOT,50,681,10.9,0.528,0.025,0.256,5.5,6.1,5.8,10.4,1.7,0.2,13.6,15.3,,0.6,0.4,1,0.067,,-1.2,-0.5,-1.6,0.1
173,Ollie Mack,SG,22,LAL,27,155,9.1,0.44,0.02,0.36,5.4,9.7,7.7,15.3,1.2,0,13.4,17.3,,0,0.1,0.1,0.035,,-3.2,-0.7,-3.9,-0.1
173,Ollie Mack,SG,22,CHI,23,526,11.4,0.56,0.027,0.221,5.5,5,5.2,9,1.8,0.3,13.7,14.7,,0.6,0.3,0.8,0.077,,-0.6,-0.4,-1,0.1
174,Moses Malone*,C,24,HOU,82,3140,24.1,0.56,0.004,0.505,19.6,22.3,20.9,7.1,1.2,1.9,13.7,27.6,,8.9,3,11.9,0.183,,4.5,-2.4,2.1,3.2
175,Steve Malovic,PF,23,TOT,39,445,7.2,0.507,0,0.403,8.4,12.3,10.3,6.9,0.8,0.7,22.6,9,,0.1,0.1,0.3,0.027,,-2.7,-0.7,-3.4,-0.2
175,Steve Malovic,PF,23,WSB,1,6,6.2,0.284,,,0,0,0,0,7.8,0,0,11.6,,0,0,0,-0.04,,-4.5,0.1,-4.4,0
175,Steve Malovic,PF,23,SDC,28,277,7.9,0.577,0,0.214,10.2,12.5,11.3,5.4,0.9,0.2,23.3,8.6,,0.2,0.1,0.3,0.049,,-2.5,-0.9,-3.4,-0.1
175,Steve Malovic,PF,23,DET,10,162,5.9,0.417,0,0.56,5.8,12.4,9.1,9.9,0.6,1.6,22.4,9.5,,-0.1,0,0,-0.006,,-3,-0.4,-3.4,-0.1
176,Pete Maravich*,SG,32,TOT,43,964,13.8,0.5,0.028,0.193,2.1,7,4.6,13.8,1.2,0.4,12.2,28.9,,0.1,0.4,0.5,0.027,,-1.3,-2.5,-3.8,-0.4
176,Pete Maravich*,SG,32,UTA,17,522,12.4,0.459,0.037,0.17,1.6,7.1,4.5,16.6,1.4,0.4,12.5,29.7,,-0.5,0,-0.5,-0.043,,-2.1,-3.5,-5.6,-0.5
176,Pete Maravich*,SG,32,BOS,26,442,15.6,0.547,0.016,0.221,2.6,6.9,4.8,10.4,1,0.3,11.9,27.9,,0.6,0.4,1,0.11,,-0.3,-1.4,-1.7,0
177,Cedric Maxwell,SF,24,BOS,80,2744,19,0.679,0,0.739,11.7,16.8,14.3,9.8,1.3,1.3,18.8,17.7,,8.3,3.9,12.2,0.214,,2.8,0.7,3.5,3.8
178,Scott May,SF,25,CHI,54,1298,14.9,0.507,0.007,0.293,6.9,11.8,9.4,12.5,1.6,0.2,10.4,23.2,,1.5,0.9,2.4,0.09,,-0.1,-1.3,-1.3,0.2
179,Bob McAdoo*,PF,28,DET,58,2097,16.3,0.524,0.023,0.314,5,18.5,11.7,13.9,1.6,1.6,16.9,25.8,,0.5,1.6,2,0.047,,0,-0.8,-0.8,0.6
180,Jim McElroy,PG,26,TOT,67,1528,10.6,0.492,0.04,0.326,2.2,4.7,3.4,20,1.4,0.7,17.9,18.8,,0.2,0.6,0.8,0.024,,-1.7,-1.5,-3.2,-0.5
180,Jim McElroy,PG,26,DET,36,1012,11.4,0.517,0.039,0.334,1.2,4,2.6,21,1.1,0.7,17.7,18.9,,0.5,0,0.5,0.025,,-1.3,-2.3,-3.6,-0.4
180,Jim McElroy,PG,26,ATL,31,516,9,0.44,0.041,0.31,4.1,6.1,5.1,18.1,2,0.6,18.1,18.8,,-0.3,0.5,0.2,0.021,,-2.5,-0.1,-2.6,-0.1
181,George McGinnis*,PF,29,TOT,73,2208,15.2,0.487,0.017,0.551,10.2,23,16.4,21.4,2.1,0.6,20.3,24.4,,-0.8,2.6,1.9,0.041,,-1.2,-0.1,-1.2,0.4
181,George McGinnis*,PF,29,DEN,45,1424,15.6,0.489,0.012,0.526,9.6,24.6,16.9,22.7,2.2,0.6,20.7,25,,-0.7,1.7,1,0.034,,-1,0.3,-0.7,0.5
181,George McGinnis*,PF,29,IND,28,784,14.4,0.483,0.026,0.599,11.3,20.3,15.7,19.1,1.9,0.4,19.6,23.5,,0,0.9,0.9,0.053,,-1.4,-0.7,-2.1,0
182,Billy McKinney,PG,24,KCK,76,1333,13.4,0.502,0.022,0.29,1.6,5.5,3.5,24.8,2,0.2,14.7,18.2,,1.1,1.6,2.7,0.096,,-0.6,0.2,-0.5,0.5
183,Tom McMillen,C,27,ATL,53,1071,14.2,0.54,0.003,0.28,7,15.1,11,9,1.6,0.8,13,18.8,,1.4,1.5,2.9,0.128,,-0.1,0.4,0.2,0.6
184,John Mengelt,SG,30,CHI,36,387,13.4,0.584,0.036,0.295,0.9,5.7,3.3,16,1.2,0,16.1,23.5,,0.4,0.1,0.6,0.07,,-1.6,-1.5,-3.1,-0.1
185,Joe Meriweather,PF,26,NYK,65,1565,12.2,0.549,0.002,0.254,8.4,16,12.2,5.3,1.1,4.2,17.4,15.8,,0.8,1.4,2.2,0.068,,-2.3,0.2,-2,0
186,Dave Meyers,PF,26,MIL,79,2204,13.3,0.509,0.006,0.296,7.1,14.7,11,13.6,1.5,1,16.2,20.2,,1,2.8,3.9,0.084,,-0.8,0,-0.8,0.7
187,Mike Mitchell,SF,24,CLE,82,2802,19.1,0.557,0.004,0.231,7.4,15.2,11.1,4.9,1.1,1.5,9.5,24.7,,5.9,2.4,8.3,0.142,,2.1,-0.9,1.2,2.2
188,Steve Mix,SF,32,PHI,81,1543,19.5,0.577,0.014,0.354,8.3,11.5,10,14.8,2,0.3,14,24.5,,3.4,2.1,5.5,0.172,,2.5,-0.1,2.4,1.7
189,Paul Mokeski,C,23,HOU,12,113,4.4,0.392,0,0.273,13.3,15.1,14.2,2.2,0.4,3,21.3,16.4,,-0.2,0.1,-0.1,-0.041,,-5.4,-1,-6.4,-0.2
190,Sidney Moncrief*,SG,22,MIL,77,1557,15.9,0.564,0.002,0.647,11.1,12.5,11.8,10.7,2.2,0.6,16.8,17.8,,2.8,2,4.9,0.15,,1.4,0.2,1.5,1.4
191,Eric Money,SG-PG,24,TOT,61,1549,11.4,0.531,0,0.194,2.1,5,3.5,22.1,1.5,0.4,20.7,18.6,,0.4,0.3,0.6,0.02,,-1.8,-1.7,-3.6,-0.7
191,Eric Money,PG,24,PHI,6,82,4.4,0.407,0,0.056,4.1,4.9,4.5,27.2,0,0.7,24.5,23.8,,-0.2,0.1,-0.2,-0.094,,-4.3,-1.4,-5.8,-0.2
191,Eric Money,SG,24,DET,55,1467,11.7,0.539,0,0.204,2,5,3.5,21.8,1.6,0.4,20.5,18.3,,0.6,0.2,0.8,0.026,,-1.7,-1.8,-3.4,-0.5
192,Earl Monroe*,SG,35,NYK,51,633,15.3,0.497,0,0.182,2.7,3.5,3.1,15,1.5,0.3,6.9,24.8,,1,0.1,1.1,0.081,,0.2,-2,-1.8,0
193,Calvin Murphy*,SG,31,HOU,76,2676,16.8,0.543,0.02,0.238,2.7,3.5,3.1,16.7,2.5,0.2,10.4,23.1,,6,1.1,7.2,0.129,,0.9,-0.2,0.7,1.8
194,Swen Nater,C,30,SDC,81,2860,17.2,0.589,0.003,0.342,12.9,33.8,23,11.1,0.7,0.7,21.9,16.4,,4,2.9,6.8,0.115,,0.9,-0.9,0,1.5
195,Calvin Natt,SF,23,TOT,78,2857,17,0.524,0.007,0.323,8.8,16.7,12.7,9.1,1.6,0.7,11.8,23.2,,3.5,3.7,7.1,0.12,,1.2,-0.7,0.4,1.8
195,Calvin Natt,SF,23,NJN,53,2046,15.9,0.52,0.006,0.319,8.8,17.2,13,8.2,1.7,0.6,11.7,21.4,,2.1,2.8,4.8,0.114,,0.6,-0.6,-0.1,1
195,Calvin Natt,SF,23,POR,25,811,19.8,0.532,0.01,0.332,8.8,15.4,12.1,11.5,1.4,0.9,11.9,27.6,,1.4,0.9,2.3,0.136,,2.7,-1,1.7,0.8
196,Mike Newlin,SG,31,NJN,78,2510,17.7,0.54,0.114,0.312,4.2,6.7,5.4,19.9,2.1,0.1,13.3,26.8,,4,2.5,6.5,0.124,,2,-0.7,1.3,2.1
197,Norm Nixon,PG,24,LAL,82,3226,14.9,0.548,0.007,0.209,1.9,5.5,3.9,25.3,2.1,0.2,17.9,20,,4.1,2.7,6.7,0.1,,0.2,-0.9,-0.7,1.1
198,Sylvester Norris,C,22,SAS,17,189,3.3,0.438,0,0.14,5.8,18.3,12.2,3.6,0.7,3.3,29.4,12.9,,-0.4,0.1,-0.2,-0.055,,-6.1,-0.1,-6.2,-0.3
199,Mark Olberding,SF,23,SAS,75,2111,12.4,0.546,0.005,0.433,4.3,16.7,10.6,18.5,1.4,0.5,19.9,16.2,,1.9,1.2,3.1,0.071,,-0.8,-0.2,-1,0.5
200,John Olive,SF,24,SDC,1,15,-11.5,0,0,0,0,7.5,3.6,0,0,0,50,10.7,,-0.1,0,-0.1,-0.303,,-5.1,-0.4,-5.5,-0.1
201,Tom Owens,C,30,POR,76,2337,18.1,0.552,0.002,0.281,8.8,18.3,13.5,13,0.9,1.3,13.3,22.9,,4.3,2.6,6.9,0.142,,1.5,-0.3,1.1,1.9
202,Robert Parish*,C,26,GSW,72,2119,20,0.541,0.001,0.282,12.5,28.8,20.4,8.9,1.3,3.2,16.6,26.4,,1.5,3.1,4.6,0.104,,0.7,-0.3,0.4,1.3
203,Sonny Parker,SF,24,GSW,82,2849,16.2,0.537,0.002,0.306,6.2,11.9,9,12.4,2.9,0.7,12.7,18.6,,3.8,3,6.8,0.114,,0.9,0.9,1.8,2.7
204,Billy Paultz,C,31,TOT,84,2193,13.9,0.507,0.001,0.27,9.2,19.8,14.5,10.7,1.4,2,13.2,15.3,,2.1,1.9,4,0.088,,0.1,0.2,0.3,1.3
204,Billy Paultz,C,31,SAS,47,1213,14.7,0.522,0.003,0.262,8.5,19.6,14.2,11.9,1.7,1.9,12,15.1,,1.6,1.1,2.6,0.104,,0.6,0.5,1.1,1
204,Billy Paultz,C,31,HOU,37,980,12.8,0.486,0,0.281,10.1,20.1,14.9,9.4,1.1,2.2,14.8,15.5,,0.5,0.8,1.4,0.068,,-0.5,-0.2,-0.6,0.3
205,Jim Paxson,SG,22,POR,72,1270,9.1,0.443,0.048,0.196,2.1,7.4,4.7,15.9,1.8,0.2,15.7,19.1,,-0.8,1.1,0.3,0.011,,-3.5,-0.6,-4.1,-0.7
206,Wiley Peck,SF,22,SAS,52,628,8.9,0.466,0.012,0.325,11.5,19.6,15.6,6.1,1.2,1.9,19.9,14.5,,-0.2,0.5,0.3,0.023,,-3.4,-0.9,-4.2,-0.4
207,Sam Pellom,PF,28,ATL,44,373,9.4,0.45,0,0.278,8,18.5,13.2,6.8,1.6,1.9,12.9,15.2,,0,0.6,0.7,0.084,,-3.5,1,-2.6,0
208,Roger Phegley,SG,23,TOT,78,1512,14.2,0.536,0.012,0.277,5,7.4,6.2,10.2,1,0.2,12.6,24.4,,1.6,1,2.6,0.083,,-0.5,-1.3,-1.9,0.1
208,Roger Phegley,SG,23,WSB,50,971,14,0.527,0.011,0.254,5,6.9,5.9,10.8,0.9,0.2,11.7,24.2,,1.1,0.5,1.6,0.078,,-0.8,-1.3,-2,0
208,Roger Phegley,SG,23,NJN,28,541,14.8,0.551,0.015,0.319,5,8.4,6.7,9.2,1.3,0.4,14.2,24.6,,0.6,0.5,1,0.092,,-0.1,-1.4,-1.5,0.1
209,Stan Pietkiewicz,PG,23,SDC,50,577,14.3,0.572,0.201,0.257,4.7,3.7,4.2,22.2,2.1,0.4,20.4,17.3,,0.8,0.1,1,0.08,,0.5,-1.1,-0.6,0.2
210,Ben Poquette,C,24,UTA,82,2349,14,0.572,0.004,0.295,6.4,20.9,13.9,7.7,0.9,3.9,13.9,13.6,,3,1.8,4.9,0.099,,-0.7,0.6,-0.1,1.1
211,Kevin Porter,PG,29,WSB,70,1494,13.1,0.514,0.009,0.313,1.7,3.9,2.8,40,1.8,0.4,24.8,17.5,,0.8,1,1.8,0.057,,-0.5,-0.9,-1.5,0.2
212,Clifford Ray,C,31,GSW,81,1683,11.3,0.546,0.005,0.389,7.7,23.3,15.3,14.2,1.4,1.1,25.7,14.8,,0,1.9,1.9,0.054,,-2.6,1,-1.6,0.2
213,Marlon Redmond,SG,24,KCK,24,298,12,0.464,0.065,0.246,6.2,12.7,9.3,9,0.6,1.8,11,23,,-0.1,0.4,0.3,0.051,,-1.9,-0.8,-2.7,0
214,Robert Reid,SF,24,HOU,76,2304,15.3,0.52,0.003,0.242,6.5,14.8,10.6,14.7,2.7,1.4,14.7,19.2,,2.5,2.3,4.9,0.101,,0.3,1.2,1.4,2
215,Kevin Restani,SF,28,SAS,82,1966,13.9,0.548,0.04,0.221,7.9,13,10.5,12.2,1.2,0.3,13.9,17.8,,2.7,0.7,3.5,0.085,,0.5,-1.4,-0.9,0.5
216,Clint Richardson,SG,23,PHI,52,988,9.9,0.472,0.009,0.129,6.2,6.9,6.6,14.9,1.1,0.8,14.8,17.5,,0.1,1,1.1,0.052,,-2.1,-0.5,-2.6,-0.2
217,Micheal Ray Richardson,SG,24,NYK,82,3060,17.8,0.517,0.103,0.318,5.3,13.9,9.6,34.1,3.9,0.6,22.9,19.7,,2.4,3.7,6,0.094,,1.7,1.3,3.1,3.9
218,Anthony Roberts,SF,24,DEN,23,486,9.3,0.427,0.006,0.331,11.3,12.1,11.7,5.6,1.2,0.3,11.9,19,,-0.2,0.2,0.1,0.009,,-3.2,-2.4,-5.6,-0.4
219,Rick Robey,C,24,BOS,82,1918,15.4,0.557,0.001,0.37,12.3,18.4,15.4,6.7,1.3,0.4,15.2,20.6,,2.8,2.7,5.5,0.139,,-0.1,-0.6,-0.8,0.6
220,Cliff Robinson,PF,19,NJN,70,1661,17,0.506,0.005,0.291,10.8,20.7,15.8,9.3,1.7,1.1,12.7,25,,1.1,2.5,3.6,0.104,,0.2,-0.8,-0.6,0.6
221,Jackie Robinson,SF,24,DET,7,51,17.1,0.618,0.059,0.647,6.1,4.2,5.1,0,2.6,3.1,8.4,18,,0.1,0,0.2,0.167,,-2.7,0.3,-2.4,0
222,Truck Robinson,PF,28,PHO,82,2710,15.3,0.553,0,0.458,8.8,22.1,15.6,7.5,1,1.2,16.4,22.4,,2.1,3.9,6,0.106,,-0.8,-0.9,-1.7,0.2
223,Bill Robinzine,PF,27,KCK,81,1917,15.3,0.548,0.003,0.379,9.9,19.8,14.7,4.5,2.6,0.7,14.9,20.7,,1.8,3.6,5.5,0.137,,-1.5,0.6,-0.8,0.6
224,Dave Robisch,C,30,CLE,82,2670,17.2,0.578,0.003,0.35,8.5,17.9,13,9.3,0.9,1.1,11.3,17.6,,6.3,2.3,8.6,0.154,,2.1,-0.3,1.8,2.6
225,John Roche,PG,30,DEN,82,2286,13.9,0.562,0.174,0.273,1.1,4.2,2.6,24.7,1.7,0.3,16.1,17,,3.5,0.7,4.2,0.088,,0.3,-1.3,-1,0.6
226,Tree Rollins,C,24,ATL,82,2123,18.9,0.598,0,0.428,14.2,25,19.6,5.2,1.2,6.8,13.9,13.7,,4.5,4.7,9.2,0.208,,1.2,2.8,4,3.2
227,Dan Roundfield,PF,26,ATL,81,2588,19.7,0.551,0.004,0.462,12.1,22.7,17.3,11.3,1.9,3.2,16.1,22.8,,4,5.1,9.1,0.169,,1.6,1.4,2.9,3.2
228,Campy Russell,SF,28,CLE,41,1331,16.2,0.508,0.014,0.379,5.8,12.4,8.9,17.5,2.5,0.8,16.8,25.5,,0.5,1.4,1.8,0.067,,0.6,0.2,0.8,0.9
229,Alvin Scott,SF,24,PHO,79,1303,9.9,0.493,0.01,0.405,7.7,11.5,9.6,9.3,1.7,2.2,20.6,13.6,,0,1.7,1.7,0.062,,-1.6,0.8,-0.8,0.4
230,Charlie Scott*,SG,31,DEN,69,1860,7.4,0.432,0.016,0.172,2.8,6.6,4.6,18.6,1.2,0.7,18.1,19,,-2,0.6,-1.4,-0.037,,-4.2,-1.7,-6,-1.9
231,Lonnie Shelton,PF,24,SEA,76,2243,16.8,0.57,0.006,0.3,9.3,18,13.6,9.1,1.9,1.9,15.7,18.9,,3.5,4.1,7.5,0.161,,0.2,1.4,1.6,2
232,Purvis Short,SF,22,GSW,62,1636,19.1,0.534,0.007,0.18,7.8,13.7,10.6,12.4,1.8,0.3,11,28,,2.3,1.4,3.7,0.109,,1.9,-1.1,0.8,1.2
233,John Shumate,PF,27,TOT,65,1337,16,0.594,0.003,0.551,8.7,20.4,14.6,7.9,1.3,1.8,15.7,16.5,,2.4,1.1,3.5,0.126,,0.7,-0.2,0.5,0.9
233,John Shumate,PF,27,DET,9,228,15.1,0.572,0,0.385,8.2,24.2,16.1,5.1,1.8,1.1,15.6,15.2,,0.3,0.2,0.5,0.101,,-0.4,-0.3,-0.6,0.1
233,John Shumate,PF,27,HOU,29,332,11.7,0.606,0,0.688,8.1,18.5,13.1,8.7,1.1,1.5,24.5,13.1,,0.3,0.3,0.6,0.081,,-1.4,0.3,-1.1,0.1
233,John Shumate,PF,27,SAS,27,777,18,0.597,0.004,0.559,9.1,20.1,14.7,8.4,1.3,2,13.2,18.4,,1.8,0.6,2.5,0.152,,1.8,-0.4,1.4,0.7
234,Jack Sikma*,C,24,SEA,82,2793,16.5,0.526,0.001,0.295,7.4,26.9,17.1,13.7,1.1,1.5,15.3,18.6,,3.3,5.3,8.6,0.148,,0.5,1.3,1.8,2.7
235,James Silas,PG,30,SAS,77,2293,16.7,0.585,0.004,0.382,2.1,5.6,3.9,20.1,1.2,0.3,14.1,22.4,,5.3,0.2,5.5,0.116,,1.4,-1.9,-0.5,0.9
236,Paul Silas,PF,36,SEA,82,1595,8.2,0.439,0,0.455,13.4,15.4,14.4,5,0.7,0.2,18.8,10.9,,0.2,2,2.2,0.066,,-2,-0.9,-2.9,-0.4
237,Ralph Simpson,SG,30,NJN,8,81,12.6,0.399,0.043,0.213,7.7,6.4,7,26.6,5,0,18.9,30.2,,-0.2,0.1,-0.1,-0.064,,-3.1,0.2,-2.9,0
238,Al Skinner,SG,27,PHI,2,10,-0.6,0.5,0,0,0,0,0,25.4,0,0,50,16,,0,0,0,-0.152,,-4.6,-0.2,-4.8,0
239,Bingo Smith,SF-SG,33,TOT,78,2123,11.3,0.474,0.091,0.129,4.6,8.7,6.6,6.6,1.4,0.4,7.9,19.2,,1.5,0.5,2.1,0.047,,-1.7,-1.5,-3.2,-0.7
239,Bingo Smith,SG,33,CLE,8,135,10.8,0.49,0.069,0.111,1.5,9.8,5.5,7.3,1,0.8,10.6,24,,0,0.1,0.1,0.028,,-3,-0.7,-3.7,-0.1
239,Bingo Smith,SF,33,SDC,70,1988,11.4,0.473,0.093,0.131,4.8,8.6,6.7,6.5,1.4,0.4,7.7,18.9,,1.5,0.5,2,0.048,,-1.6,-1.6,-3.2,-0.6
240,Phil Smith,SG,27,GSW,51,1552,14.6,0.521,0.032,0.25,1.9,8.7,5.2,17.8,1.9,0.6,13.7,23.4,,1.1,1.1,2.2,0.067,,-0.4,-0.5,-0.9,0.4
241,Randy Smith,SG,31,CLE,82,2677,15.2,0.497,0.04,0.213,3.5,6.7,5,18.5,2.1,0.1,12.1,23.7,,2.4,1.8,4.2,0.075,,0.3,-0.5,-0.3,1.2
242,Robert Smith,PG,24,TOT,65,809,10.8,0.523,0.097,0.342,2.6,7.6,5.1,15.7,1.5,0.3,14.6,17.4,,0.7,0.7,1.4,0.08,,-2.3,-0.3,-2.6,-0.1
242,Robert Smith,PG,24,UTA,6,73,9.6,0.436,0,0.333,5,0,2.4,12.2,2.7,0,5.5,10.7,,0.1,0,0.1,0.05,,-2.7,0,-2.7,0
242,Robert Smith,PG,24,NJN,59,736,10.9,0.529,0.102,0.343,2.4,8.3,5.4,16.1,1.4,0.3,15.1,18.1,,0.6,0.7,1.3,0.083,,-2.3,-0.3,-2.6,-0.1
243,Sam Smith,SF,25,CHI,30,496,14.2,0.502,0.152,0.274,5.1,7.1,6.1,13,2.4,0.8,11.4,23.9,,0.4,0.4,0.8,0.079,,-0.5,-0.4,-0.9,0.1
244,Willie Smith,PG,26,CLE,62,1051,12.2,0.442,0.225,0.165,5.4,6.8,6.1,29.3,3.2,0.1,21.9,15.8,,0,1,1,0.047,,-0.7,0.7,0,0.5
245,Ricky Sobers,PG,27,CHI,82,2673,12.5,0.524,0.068,0.239,3.2,6.9,5.1,23.8,2.4,0.4,20.3,21.2,,0.5,1.9,2.4,0.044,,-1.3,-0.6,-1.9,0.1
246,Jim Spanarkel,SG,22,PHI,40,442,10.7,0.545,0.013,0.425,6.9,6.1,6.5,15.9,1.3,0.7,23.9,21.6,,0,0.5,0.4,0.048,,-2.6,-1,-3.6,-0.2
247,Larry Steele,SF,30,POR,16,446,10.8,0.462,0.027,0.185,3.2,8,5.5,20.8,2.7,0.1,17.3,17.6,,0,0.5,0.5,0.052,,-3,0.7,-2.3,0
248,Earl Tatum,SG,26,CLE,33,225,9.3,0.415,0.064,0.202,4.9,7.4,6.1,11.2,3.2,1.2,14.2,20.4,,-0.3,0.2,0,-0.005,,-3.6,0.8,-2.8,0
249,Brian Taylor,PG,28,SDC,78,2754,13.9,0.546,0.267,0.181,2.9,4.6,3.7,16.4,2.5,0.5,12.7,16.1,,4.6,1,5.6,0.098,,0.2,0.2,0.4,1.7
250,Reggie Theus,SG,22,CHI,82,3029,17,0.579,0.09,0.509,5.4,6.7,6.1,25.9,1.8,0.4,19.5,24,,5.2,1.7,6.9,0.11,,2.1,-1.3,0.8,2.1
251,David Thompson*,SG,25,DEN,39,1239,19,0.549,0.031,0.543,4.6,10.2,7.3,15.6,1.5,1.6,13.2,27.8,,2.2,0.8,3,0.116,,2.5,-0.8,1.6,1.1
252,Rudy Tomjanovich*,PF,31,HOU,62,1834,14.2,0.522,0.102,0.189,7.7,14,10.8,8.5,0.8,0.3,10.4,20.3,,2.8,0.8,3.6,0.094,,0.6,-1.9,-1.3,0.3
253,Bernard Toone,PF,23,PHI,23,124,8.9,0.402,0.109,0.156,10.9,17.8,14.5,13.8,1.5,2.2,19,27.2,,-0.3,0.2,-0.1,-0.036,,-5.1,-0.3,-5.4,-0.1
254,Raymond Townsend,SG,24,GSW,75,1159,9.6,0.443,0.062,0.2,3,5.5,4.2,13.5,2.5,0.2,12.4,18.6,,-0.5,0.8,0.4,0.015,,-3.2,-0.1,-3.4,-0.4
255,Dave Twardzik,PG,29,POR,67,1594,13.9,0.562,0.018,0.64,3.5,7.3,5.4,22.9,2.4,0,20.6,16.4,,2.1,1.5,3.7,0.11,,-0.7,0.2,-0.5,0.6
256,Terry Tyler,SF,23,DET,82,2670,14.2,0.499,0.013,0.202,8.9,15.8,12.3,6.4,1.8,4.3,14.8,17,,0.9,2.5,3.4,0.062,,-0.9,0.6,-0.3,1.2
257,Wes Unseld*,C,33,WSB,82,2973,15.4,0.545,0.003,0.328,11.2,25.9,18.5,15.6,1,1.1,17.3,11.7,,4.3,4.1,8.4,0.135,,0.9,1.5,2.5,3.3
258,Jan van Breda Kolff,SF,28,NJN,82,2399,9.5,0.533,0.044,0.338,4.4,14.1,9.3,13.1,1.9,1.7,23.1,11,,0.6,3.3,3.9,0.078,,-2.2,1.8,-0.4,1
259,Andre Wakefield,SG,25,UTA,8,47,-2,0.46,0,0.2,0,9.6,5,8.8,1,0,32.9,22.2,,-0.2,0,-0.2,-0.187,,-6.2,-0.9,-7.1,-0.2
260,Foots Walker,PG,28,CLE,76,2422,15.3,0.527,0.016,0.428,3.3,9.5,6.3,29.5,2.9,0.3,18.9,13.2,,3.7,2.4,6.1,0.12,,0.5,1.4,1.9,2.4
261,Wally Walker,SF,25,SEA,70,844,12.3,0.539,0,0.234,7.9,13.3,10.6,8.6,1.2,0.3,14.2,16.5,,1,1.1,2,0.116,,-1.3,-0.1,-1.4,0.1
262,Bill Walton*,C,27,SDC,14,337,22.2,0.525,0,0.335,8.7,32.5,20.2,15.5,1.1,6.1,16.7,26.3,,0.2,0.5,0.8,0.108,,0.9,2.1,3,0.5
263,Lloyd Walton,PG,26,MIL,76,1243,9.6,0.494,0.012,0.293,3,4.9,4,27.2,1.6,0.1,29.1,12.3,,0.1,1,1.1,0.041,,-1.5,-0.9,-2.4,-0.1
264,Kermit Washington,PF,28,POR,80,2657,18.2,0.584,0.004,0.473,13.2,21.7,17.4,8.9,1.3,2.9,15.6,16.8,,5.2,4,9.1,0.165,,1.3,0.6,1.9,2.6
265,Richard Washington,PF,24,MIL,75,1092,12.3,0.484,0,0.181,9.7,17.5,13.7,6.7,1.1,2.4,12.2,18.8,,0.5,1.6,2,0.089,,-2.5,-0.1,-2.6,-0.2
266,Nick Weatherspoon,SF,29,SDC,57,1124,9.3,0.468,0,0.241,7.7,12.4,10,6.4,1.4,0.8,17.1,17.9,,-0.4,0.5,0.1,0.002,,-3.4,-1.4,-4.8,-0.8
267,Marvin Webster,C,27,NYK,20,298,9.2,0.511,0,0.203,10.1,19.2,14.6,3.6,0.5,2,18.9,13.7,,0,0.2,0.2,0.039,,-2.8,-1.3,-4.1,-0.2
268,Scott Wedman,SF,27,KCK,68,2347,16.9,0.541,0.02,0.163,5,12.9,8.8,9.3,1.7,1.1,8.6,22.2,,3.7,3.4,7.1,0.145,,1.1,0.5,1.5,2.1
269,Paul Westphal*,SG,29,PHO,82,2665,21.1,0.593,0.071,0.336,1.9,5.7,3.9,24.2,2,0.7,12,25.6,,7.7,2.8,10.5,0.189,,4,0,3.9,4
270,Jo Jo White*,PG,33,GSW,78,2052,11.2,0.509,0.008,0.161,2.2,7.7,4.9,16.1,2,0.4,17.2,18.3,,0.1,1.4,1.5,0.035,,-2.2,-0.3,-2.4,-0.2
271,Rudy White,SG,26,HOU,9,106,9.6,0.606,0,0.542,0,9.7,4.7,6,2.2,0,21.2,14.1,,0.1,0.1,0.1,0.052,,-3.1,0.2,-2.9,0
272,Jerome Whitehead,C,23,TOT,50,553,8.4,0.487,0,0.307,11.4,22.6,17.1,5.7,0.7,1.7,21.8,12.5,,-0.2,0.4,0.2,0.017,,-3.9,-0.8,-4.8,-0.4
272,Jerome Whitehead,C,23,SDC,18,225,11.6,0.557,0,0.4,13.5,20.4,16.8,3.5,0.2,1.4,13.1,10.8,,0.3,0.1,0.4,0.087,,-1.6,-1.3,-2.9,-0.1
272,Jerome Whitehead,C,23,UTA,32,328,6.2,0.438,0,0.246,10,24,17.3,7.2,1,1.9,26.8,13.7,,-0.5,0.3,-0.2,-0.031,,-5.5,-0.5,-6,-0.4
273,Sidney Wicks,PF,30,SDC,71,2146,8.5,0.447,0.002,0.306,6.7,14.1,10.3,12.5,1.7,1.3,22.9,13.6,,-1.3,1.2,-0.1,-0.001,,-2.9,0.1,-2.8,-0.4
274,Bob Wilkerson,SF,25,DEN,75,2381,10.9,0.458,0.033,0.216,3.6,10.3,6.9,14.7,1.8,0.6,14.6,21.7,,-1.2,1.4,0.2,0.004,,-2.8,-1.1,-3.8,-1.1
275,Jamaal Wilkes*,SF,26,LAL,82,3111,17.6,0.563,0.013,0.172,6.8,11.2,9.2,10.8,1.9,0.5,9.7,20.8,,6.7,3.2,10,0.154,,1.7,-0.4,1.3,2.6
276,Duck Williams,PG,23,UTA,77,1794,8.6,0.464,0.023,0.116,1.4,5.3,3.5,14.1,2.7,0.3,16.4,15.6,,-0.9,0.6,-0.3,-0.009,,-3.8,-0.2,-4,-0.9
277,Freeman Williams,SG,23,SDC,82,2118,19.4,0.527,0.095,0.177,5.1,4.7,4.9,13.3,1.6,0.2,10.6,30.5,,3.8,0.2,4.1,0.092,,2.8,-2.3,0.5,1.3
278,Gus Williams,PG,26,SEA,82,2969,20.6,0.529,0.023,0.274,4.5,5.3,4.9,20.7,3.2,0.7,9.5,25.2,,7.2,4.4,11.6,0.187,,3.1,1.6,4.7,5
279,Ray Williams,PG,25,NYK,82,2582,21.6,0.546,0.027,0.306,6.2,11.2,8.7,28.5,2.9,0.5,14,27.2,,6,2.2,8.2,0.152,,3.7,0.3,3.9,3.9
280,Sly Williams,SF,22,NYK,57,556,10.7,0.434,0.015,0.337,12.6,11.1,11.9,8.4,1.5,0.8,13.8,24.6,,-0.4,0.3,-0.1,-0.006,,-3.1,-2.8,-5.9,-0.5
281,John Williamson,SG,28,TOT,58,1374,13.5,0.481,0.043,0.169,2.8,4.6,3.7,14.9,1.2,0.7,9.5,27.5,,0.4,0.9,1.3,0.046,,-0.9,-1.5,-2.4,-0.1
281,John Williamson,SG,28,NJN,28,771,16.1,0.496,0.041,0.191,3.2,4,3.6,18.6,1.5,0.6,7.9,27.2,,0.9,0.6,1.6,0.097,,1,-1.1,-0.1,0.4
281,John Williamson,SG,28,WSB,30,603,10.2,0.462,0.045,0.14,2.3,5.2,3.7,10,0.8,0.9,11.5,27.9,,-0.5,0.3,-0.2,-0.019,,-3.3,-2,-5.4,-0.5
282,Bill Willoughby,SF,22,CLE,78,1447,12.7,0.522,0.02,0.278,8.5,15.8,12,6.2,1,2.3,11.7,15.4,,1.7,1.3,3,0.099,,-1,0.2,-0.8,0.4
283,Bubba Wilson,SG,24,GSW,16,143,2.1,0.308,0,0.24,4.5,8,6.2,10,0.7,0,22.4,10.3,,-0.2,0,-0.2,-0.064,,-4.4,-0.9,-5.3,-0.2
284,Rick Wilson,SG,23,ATL,5,59,2,0.24,0,0.429,3.6,1.8,2.7,23.6,3.3,1,32.5,17.1,,-0.3,0.1,-0.2,-0.146,,-4.1,0,-4.1,0
285,Brian Winters,SG,27,MIL,80,2623,14.8,0.534,0.091,0.192,2,7,4.6,19,1.8,0.6,13.3,21.1,,3.6,2.6,6.2,0.113,,0.3,-0.2,0.2,1.4
286,Larry Wright,PG,25,WSB,76,1286,13.3,0.51,0.032,0.216,3.1,6.5,4.8,23.9,1.8,0.7,16.5,20.1,,0.8,1,1.8,0.069,,-1.1,0.1,-1,0.3
287,Tony Zeno,SF,22,IND,8,59,0.2,0.32,0,0.095,5.1,19.9,12.3,2.1,3.1,2.8,29.1,20.3,,-0.3,0.1,-0.2,-0.16,,-6.4,-0.1,-6.5,-0.2